Level	Rule Name	Subject	Property	Value
ERROR	missing_ontology_description	nmrCV	dc11:description		
ERROR	duplicate_label	nmrCV:1000027	rdfs:label	2,2-Dimethyl-2-silapentane-5-sulfonate@en	
ERROR	duplicate_label	nmrCV:1000429	rdfs:label	2,2-Dimethyl-2-silapentane-5-sulfonate@en	
ERROR	missing_ontology_license	nmrCV	dc:license		
WARN	duplicate_exact_synonym	nmrCV:1000027	IAO:0000118	DSS	
WARN	duplicate_exact_synonym	nmrCV:1000429	IAO:0000118	DSS	
WARN	duplicate_label_synonym	nmrCV:1002007	IAO:0000118	NMR spectrum@en	
WARN	duplicate_label_synonym	nmrCV:1400001	IAO:0000118	optional part of NMR instrument@en	
WARN	duplicate_label_synonym	nmrCV:1400059	IAO:0000118	NMR instrument@en	
WARN	duplicate_label_synonym	nmrCV:1400061	IAO:0000118	NMR instrument acquisition parameter set@en	
WARN	duplicate_label_synonym	nmrCV:1400105	IAO:0000118	NMR spectral projection parameter set@en	
WARN	duplicate_label_synonym	nmrCV:1400107	IAO:0000118	NMR quality check parameter set@en	
WARN	duplicate_label_synonym	nmrCV:1400114	IAO:0000118	NMR data pre-processing parameter set@en	
WARN	duplicate_label_synonym	nmrCV:1400128	IAO:0000118	NMR sample@en	
WARN	duplicate_label_synonym	nmrCV:1400165	IAO:0000118	1D NMR acquisition parameter set@en	
WARN	duplicate_label_synonym	nmrCV:1400166	IAO:0000118	2D NMR acquisition parameter set@en	
WARN	missing_definition	BFO:0000001	IAO:0000115		
WARN	missing_definition	BFO:0000015	IAO:0000115		
WARN	missing_definition	BFO:0000017	IAO:0000115		
WARN	missing_definition	BFO:0000019	IAO:0000115		
WARN	missing_definition	BFO:0000031	IAO:0000115		
WARN	missing_definition	IAO:0000115	IAO:0000115		
WARN	missing_definition	nmrCV:1000010	IAO:0000115		
WARN	missing_definition	nmrCV:1000011	IAO:0000115		
WARN	missing_definition	nmrCV:1000012	IAO:0000115		
WARN	missing_definition	nmrCV:1000013	IAO:0000115		
WARN	missing_definition	nmrCV:1000014	IAO:0000115		
WARN	missing_definition	nmrCV:1000015	IAO:0000115		
WARN	missing_definition	nmrCV:1000016	IAO:0000115		
WARN	missing_definition	nmrCV:1000017	IAO:0000115		
WARN	missing_definition	nmrCV:1000018	IAO:0000115		
WARN	missing_definition	nmrCV:1000019	IAO:0000115		
WARN	missing_definition	nmrCV:1000020	IAO:0000115		
WARN	missing_definition	nmrCV:1000022	IAO:0000115		
WARN	missing_definition	nmrCV:1000023	IAO:0000115		
WARN	missing_definition	nmrCV:1000024	IAO:0000115		
WARN	missing_definition	nmrCV:1000025	IAO:0000115		
WARN	missing_definition	nmrCV:1000026	IAO:0000115		
WARN	missing_definition	nmrCV:1000027	IAO:0000115		
WARN	missing_definition	nmrCV:1000028	IAO:0000115		
WARN	missing_definition	nmrCV:1000029	IAO:0000115		
WARN	missing_definition	nmrCV:1000030	IAO:0000115		
WARN	missing_definition	nmrCV:1000033	IAO:0000115		
WARN	missing_definition	nmrCV:1000034	IAO:0000115		
WARN	missing_definition	nmrCV:1000035	IAO:0000115		
WARN	missing_definition	nmrCV:1000036	IAO:0000115		
WARN	missing_definition	nmrCV:1000037	IAO:0000115		
WARN	missing_definition	nmrCV:1000038	IAO:0000115		
WARN	missing_definition	nmrCV:1000039	IAO:0000115		
WARN	missing_definition	nmrCV:1000040	IAO:0000115		
WARN	missing_definition	nmrCV:1000041	IAO:0000115		
WARN	missing_definition	nmrCV:1000042	IAO:0000115		
WARN	missing_definition	nmrCV:1000043	IAO:0000115		
WARN	missing_definition	nmrCV:1000045	IAO:0000115		
WARN	missing_definition	nmrCV:1000046	IAO:0000115		
WARN	missing_definition	nmrCV:1000054	IAO:0000115		
WARN	missing_definition	nmrCV:1000055	IAO:0000115		
WARN	missing_definition	nmrCV:1000056	IAO:0000115		
WARN	missing_definition	nmrCV:1000057	IAO:0000115		
WARN	missing_definition	nmrCV:1000058	IAO:0000115		
WARN	missing_definition	nmrCV:1000059	IAO:0000115		
WARN	missing_definition	nmrCV:1000060	IAO:0000115		
WARN	missing_definition	nmrCV:1000061	IAO:0000115		
WARN	missing_definition	nmrCV:1000062	IAO:0000115		
WARN	missing_definition	nmrCV:1000063	IAO:0000115		
WARN	missing_definition	nmrCV:1000064	IAO:0000115		
WARN	missing_definition	nmrCV:1000065	IAO:0000115		
WARN	missing_definition	nmrCV:1000066	IAO:0000115		
WARN	missing_definition	nmrCV:1000067	IAO:0000115		
WARN	missing_definition	nmrCV:1000068	IAO:0000115		
WARN	missing_definition	nmrCV:1000069	IAO:0000115		
WARN	missing_definition	nmrCV:1000071	IAO:0000115		
WARN	missing_definition	nmrCV:1000072	IAO:0000115		
WARN	missing_definition	nmrCV:1000073	IAO:0000115		
WARN	missing_definition	nmrCV:1000074	IAO:0000115		
WARN	missing_definition	nmrCV:1000075	IAO:0000115		
WARN	missing_definition	nmrCV:1000077	IAO:0000115		
WARN	missing_definition	nmrCV:1000078	IAO:0000115		
WARN	missing_definition	nmrCV:1000079	IAO:0000115		
WARN	missing_definition	nmrCV:1000080	IAO:0000115		
WARN	missing_definition	nmrCV:1000081	IAO:0000115		
WARN	missing_definition	nmrCV:1000082	IAO:0000115		
WARN	missing_definition	nmrCV:1000083	IAO:0000115		
WARN	missing_definition	nmrCV:1000084	IAO:0000115		
WARN	missing_definition	nmrCV:1000085	IAO:0000115		
WARN	missing_definition	nmrCV:1000086	IAO:0000115		
WARN	missing_definition	nmrCV:1000087	IAO:0000115		
WARN	missing_definition	nmrCV:1000088	IAO:0000115		
WARN	missing_definition	nmrCV:1000089	IAO:0000115		
WARN	missing_definition	nmrCV:1000090	IAO:0000115		
WARN	missing_definition	nmrCV:1000091	IAO:0000115		
WARN	missing_definition	nmrCV:1000092	IAO:0000115		
WARN	missing_definition	nmrCV:1000093	IAO:0000115		
WARN	missing_definition	nmrCV:1000094	IAO:0000115		
WARN	missing_definition	nmrCV:1000095	IAO:0000115		
WARN	missing_definition	nmrCV:1000096	IAO:0000115		
WARN	missing_definition	nmrCV:1000097	IAO:0000115		
WARN	missing_definition	nmrCV:1000098	IAO:0000115		
WARN	missing_definition	nmrCV:1000099	IAO:0000115		
WARN	missing_definition	nmrCV:1000100	IAO:0000115		
WARN	missing_definition	nmrCV:1000101	IAO:0000115		
WARN	missing_definition	nmrCV:1000102	IAO:0000115		
WARN	missing_definition	nmrCV:1000103	IAO:0000115		
WARN	missing_definition	nmrCV:1000105	IAO:0000115		
WARN	missing_definition	nmrCV:1000106	IAO:0000115		
WARN	missing_definition	nmrCV:1000107	IAO:0000115		
WARN	missing_definition	nmrCV:1000108	IAO:0000115		
WARN	missing_definition	nmrCV:1000109	IAO:0000115		
WARN	missing_definition	nmrCV:1000110	IAO:0000115		
WARN	missing_definition	nmrCV:1000111	IAO:0000115		
WARN	missing_definition	nmrCV:1000112	IAO:0000115		
WARN	missing_definition	nmrCV:1000113	IAO:0000115		
WARN	missing_definition	nmrCV:1000114	IAO:0000115		
WARN	missing_definition	nmrCV:1000115	IAO:0000115		
WARN	missing_definition	nmrCV:1000116	IAO:0000115		
WARN	missing_definition	nmrCV:1000117	IAO:0000115		
WARN	missing_definition	nmrCV:1000120	IAO:0000115		
WARN	missing_definition	nmrCV:1000121	IAO:0000115		
WARN	missing_definition	nmrCV:1000123	IAO:0000115		
WARN	missing_definition	nmrCV:1000124	IAO:0000115		
WARN	missing_definition	nmrCV:1000128	IAO:0000115		
WARN	missing_definition	nmrCV:1000129	IAO:0000115		
WARN	missing_definition	nmrCV:1000130	IAO:0000115		
WARN	missing_definition	nmrCV:1000131	IAO:0000115		
WARN	missing_definition	nmrCV:1000132	IAO:0000115		
WARN	missing_definition	nmrCV:1000133	IAO:0000115		
WARN	missing_definition	nmrCV:1000134	IAO:0000115		
WARN	missing_definition	nmrCV:1000135	IAO:0000115		
WARN	missing_definition	nmrCV:1000136	IAO:0000115		
WARN	missing_definition	nmrCV:1000137	IAO:0000115		
WARN	missing_definition	nmrCV:1000138	IAO:0000115		
WARN	missing_definition	nmrCV:1000139	IAO:0000115		
WARN	missing_definition	nmrCV:1000140	IAO:0000115		
WARN	missing_definition	nmrCV:1000141	IAO:0000115		
WARN	missing_definition	nmrCV:1000142	IAO:0000115		
WARN	missing_definition	nmrCV:1000143	IAO:0000115		
WARN	missing_definition	nmrCV:1000144	IAO:0000115		
WARN	missing_definition	nmrCV:1000145	IAO:0000115		
WARN	missing_definition	nmrCV:1000146	IAO:0000115		
WARN	missing_definition	nmrCV:1000147	IAO:0000115		
WARN	missing_definition	nmrCV:1000148	IAO:0000115		
WARN	missing_definition	nmrCV:1000150	IAO:0000115		
WARN	missing_definition	nmrCV:1000151	IAO:0000115		
WARN	missing_definition	nmrCV:1000152	IAO:0000115		
WARN	missing_definition	nmrCV:1000153	IAO:0000115		
WARN	missing_definition	nmrCV:1000155	IAO:0000115		
WARN	missing_definition	nmrCV:1000156	IAO:0000115		
WARN	missing_definition	nmrCV:1000157	IAO:0000115		
WARN	missing_definition	nmrCV:1000158	IAO:0000115		
WARN	missing_definition	nmrCV:1000159	IAO:0000115		
WARN	missing_definition	nmrCV:1000160	IAO:0000115		
WARN	missing_definition	nmrCV:1000161	IAO:0000115		
WARN	missing_definition	nmrCV:1000162	IAO:0000115		
WARN	missing_definition	nmrCV:1000163	IAO:0000115		
WARN	missing_definition	nmrCV:1000164	IAO:0000115		
WARN	missing_definition	nmrCV:1000165	IAO:0000115		
WARN	missing_definition	nmrCV:1000166	IAO:0000115		
WARN	missing_definition	nmrCV:1000167	IAO:0000115		
WARN	missing_definition	nmrCV:1000168	IAO:0000115		
WARN	missing_definition	nmrCV:1000169	IAO:0000115		
WARN	missing_definition	nmrCV:1000170	IAO:0000115		
WARN	missing_definition	nmrCV:1000171	IAO:0000115		
WARN	missing_definition	nmrCV:1000172	IAO:0000115		
WARN	missing_definition	nmrCV:1000173	IAO:0000115		
WARN	missing_definition	nmrCV:1000174	IAO:0000115		
WARN	missing_definition	nmrCV:1000175	IAO:0000115		
WARN	missing_definition	nmrCV:1000176	IAO:0000115		
WARN	missing_definition	nmrCV:1000178	IAO:0000115		
WARN	missing_definition	nmrCV:1000179	IAO:0000115		
WARN	missing_definition	nmrCV:1000180	IAO:0000115		
WARN	missing_definition	nmrCV:1000184	IAO:0000115		
WARN	missing_definition	nmrCV:1000185	IAO:0000115		
WARN	missing_definition	nmrCV:1000186	IAO:0000115		
WARN	missing_definition	nmrCV:1000189	IAO:0000115		
WARN	missing_definition	nmrCV:1000190	IAO:0000115		
WARN	missing_definition	nmrCV:1000191	IAO:0000115		
WARN	missing_definition	nmrCV:1000192	IAO:0000115		
WARN	missing_definition	nmrCV:1000194	IAO:0000115		
WARN	missing_definition	nmrCV:1000195	IAO:0000115		
WARN	missing_definition	nmrCV:1000196	IAO:0000115		
WARN	missing_definition	nmrCV:1000197	IAO:0000115		
WARN	missing_definition	nmrCV:1000198	IAO:0000115		
WARN	missing_definition	nmrCV:1000199	IAO:0000115		
WARN	missing_definition	nmrCV:1000200	IAO:0000115		
WARN	missing_definition	nmrCV:1000201	IAO:0000115		
WARN	missing_definition	nmrCV:1000202	IAO:0000115		
WARN	missing_definition	nmrCV:1000203	IAO:0000115		
WARN	missing_definition	nmrCV:1000204	IAO:0000115		
WARN	missing_definition	nmrCV:1000205	IAO:0000115		
WARN	missing_definition	nmrCV:1000206	IAO:0000115		
WARN	missing_definition	nmrCV:1000207	IAO:0000115		
WARN	missing_definition	nmrCV:1000208	IAO:0000115		
WARN	missing_definition	nmrCV:1000209	IAO:0000115		
WARN	missing_definition	nmrCV:1000210	IAO:0000115		
WARN	missing_definition	nmrCV:1000211	IAO:0000115		
WARN	missing_definition	nmrCV:1000212	IAO:0000115		
WARN	missing_definition	nmrCV:1000214	IAO:0000115		
WARN	missing_definition	nmrCV:1000220	IAO:0000115		
WARN	missing_definition	nmrCV:1000221	IAO:0000115		
WARN	missing_definition	nmrCV:1000222	IAO:0000115		
WARN	missing_definition	nmrCV:1000225	IAO:0000115		
WARN	missing_definition	nmrCV:1000226	IAO:0000115		
WARN	missing_definition	nmrCV:1000227	IAO:0000115		
WARN	missing_definition	nmrCV:1000228	IAO:0000115		
WARN	missing_definition	nmrCV:1000229	IAO:0000115		
WARN	missing_definition	nmrCV:1000230	IAO:0000115		
WARN	missing_definition	nmrCV:1000231	IAO:0000115		
WARN	missing_definition	nmrCV:1000232	IAO:0000115		
WARN	missing_definition	nmrCV:1000233	IAO:0000115		
WARN	missing_definition	nmrCV:1000234	IAO:0000115		
WARN	missing_definition	nmrCV:1000235	IAO:0000115		
WARN	missing_definition	nmrCV:1000236	IAO:0000115		
WARN	missing_definition	nmrCV:1000237	IAO:0000115		
WARN	missing_definition	nmrCV:1000238	IAO:0000115		
WARN	missing_definition	nmrCV:1000239	IAO:0000115		
WARN	missing_definition	nmrCV:1000240	IAO:0000115		
WARN	missing_definition	nmrCV:1000241	IAO:0000115		
WARN	missing_definition	nmrCV:1000242	IAO:0000115		
WARN	missing_definition	nmrCV:1000243	IAO:0000115		
WARN	missing_definition	nmrCV:1000244	IAO:0000115		
WARN	missing_definition	nmrCV:1000245	IAO:0000115		
WARN	missing_definition	nmrCV:1000246	IAO:0000115		
WARN	missing_definition	nmrCV:1000247	IAO:0000115		
WARN	missing_definition	nmrCV:1000248	IAO:0000115		
WARN	missing_definition	nmrCV:1000250	IAO:0000115		
WARN	missing_definition	nmrCV:1000251	IAO:0000115		
WARN	missing_definition	nmrCV:1000252	IAO:0000115		
WARN	missing_definition	nmrCV:1000253	IAO:0000115		
WARN	missing_definition	nmrCV:1000254	IAO:0000115		
WARN	missing_definition	nmrCV:1000257	IAO:0000115		
WARN	missing_definition	nmrCV:1000258	IAO:0000115		
WARN	missing_definition	nmrCV:1000259	IAO:0000115		
WARN	missing_definition	nmrCV:1000260	IAO:0000115		
WARN	missing_definition	nmrCV:1000262	IAO:0000115		
WARN	missing_definition	nmrCV:1000263	IAO:0000115		
WARN	missing_definition	nmrCV:1000264	IAO:0000115		
WARN	missing_definition	nmrCV:1000266	IAO:0000115		
WARN	missing_definition	nmrCV:1000267	IAO:0000115		
WARN	missing_definition	nmrCV:1000268	IAO:0000115		
WARN	missing_definition	nmrCV:1000269	IAO:0000115		
WARN	missing_definition	nmrCV:1000270	IAO:0000115		
WARN	missing_definition	nmrCV:1000271	IAO:0000115		
WARN	missing_definition	nmrCV:1000272	IAO:0000115		
WARN	missing_definition	nmrCV:1000273	IAO:0000115		
WARN	missing_definition	nmrCV:1000274	IAO:0000115		
WARN	missing_definition	nmrCV:1000275	IAO:0000115		
WARN	missing_definition	nmrCV:1000276	IAO:0000115		
WARN	missing_definition	nmrCV:1000277	IAO:0000115		
WARN	missing_definition	nmrCV:1000278	IAO:0000115		
WARN	missing_definition	nmrCV:1000283	IAO:0000115		
WARN	missing_definition	nmrCV:1000284	IAO:0000115		
WARN	missing_definition	nmrCV:1000285	IAO:0000115		
WARN	missing_definition	nmrCV:1000286	IAO:0000115		
WARN	missing_definition	nmrCV:1000287	IAO:0000115		
WARN	missing_definition	nmrCV:1000288	IAO:0000115		
WARN	missing_definition	nmrCV:1000289	IAO:0000115		
WARN	missing_definition	nmrCV:1000290	IAO:0000115		
WARN	missing_definition	nmrCV:1000291	IAO:0000115		
WARN	missing_definition	nmrCV:1000292	IAO:0000115		
WARN	missing_definition	nmrCV:1000293	IAO:0000115		
WARN	missing_definition	nmrCV:1000294	IAO:0000115		
WARN	missing_definition	nmrCV:1000295	IAO:0000115		
WARN	missing_definition	nmrCV:1000296	IAO:0000115		
WARN	missing_definition	nmrCV:1000297	IAO:0000115		
WARN	missing_definition	nmrCV:1000298	IAO:0000115		
WARN	missing_definition	nmrCV:1000300	IAO:0000115		
WARN	missing_definition	nmrCV:1000302	IAO:0000115		
WARN	missing_definition	nmrCV:1000303	IAO:0000115		
WARN	missing_definition	nmrCV:1000304	IAO:0000115		
WARN	missing_definition	nmrCV:1000305	IAO:0000115		
WARN	missing_definition	nmrCV:1000313	IAO:0000115		
WARN	missing_definition	nmrCV:1000314	IAO:0000115		
WARN	missing_definition	nmrCV:1000315	IAO:0000115		
WARN	missing_definition	nmrCV:1000316	IAO:0000115		
WARN	missing_definition	nmrCV:1000317	IAO:0000115		
WARN	missing_definition	nmrCV:1000318	IAO:0000115		
WARN	missing_definition	nmrCV:1000319	IAO:0000115		
WARN	missing_definition	nmrCV:1000320	IAO:0000115		
WARN	missing_definition	nmrCV:1000322	IAO:0000115		
WARN	missing_definition	nmrCV:1000324	IAO:0000115		
WARN	missing_definition	nmrCV:1000325	IAO:0000115		
WARN	missing_definition	nmrCV:1000326	IAO:0000115		
WARN	missing_definition	nmrCV:1000328	IAO:0000115		
WARN	missing_definition	nmrCV:1000329	IAO:0000115		
WARN	missing_definition	nmrCV:1000330	IAO:0000115		
WARN	missing_definition	nmrCV:1000331	IAO:0000115		
WARN	missing_definition	nmrCV:1000332	IAO:0000115		
WARN	missing_definition	nmrCV:1000333	IAO:0000115		
WARN	missing_definition	nmrCV:1000334	IAO:0000115		
WARN	missing_definition	nmrCV:1000335	IAO:0000115		
WARN	missing_definition	nmrCV:1000336	IAO:0000115		
WARN	missing_definition	nmrCV:1000337	IAO:0000115		
WARN	missing_definition	nmrCV:1000341	IAO:0000115		
WARN	missing_definition	nmrCV:1000342	IAO:0000115		
WARN	missing_definition	nmrCV:1000343	IAO:0000115		
WARN	missing_definition	nmrCV:1000344	IAO:0000115		
WARN	missing_definition	nmrCV:1000352	IAO:0000115		
WARN	missing_definition	nmrCV:1000353	IAO:0000115		
WARN	missing_definition	nmrCV:1000354	IAO:0000115		
WARN	missing_definition	nmrCV:1000355	IAO:0000115		
WARN	missing_definition	nmrCV:1000356	IAO:0000115		
WARN	missing_definition	nmrCV:1000357	IAO:0000115		
WARN	missing_definition	nmrCV:1000358	IAO:0000115		
WARN	missing_definition	nmrCV:1000359	IAO:0000115		
WARN	missing_definition	nmrCV:1000360	IAO:0000115		
WARN	missing_definition	nmrCV:1000361	IAO:0000115		
WARN	missing_definition	nmrCV:1000362	IAO:0000115		
WARN	missing_definition	nmrCV:1000363	IAO:0000115		
WARN	missing_definition	nmrCV:1000364	IAO:0000115		
WARN	missing_definition	nmrCV:1000365	IAO:0000115		
WARN	missing_definition	nmrCV:1000368	IAO:0000115		
WARN	missing_definition	nmrCV:1000371	IAO:0000115		
WARN	missing_definition	nmrCV:1000372	IAO:0000115		
WARN	missing_definition	nmrCV:1000373	IAO:0000115		
WARN	missing_definition	nmrCV:1000374	IAO:0000115		
WARN	missing_definition	nmrCV:1000376	IAO:0000115		
WARN	missing_definition	nmrCV:1000377	IAO:0000115		
WARN	missing_definition	nmrCV:1000378	IAO:0000115		
WARN	missing_definition	nmrCV:1000379	IAO:0000115		
WARN	missing_definition	nmrCV:1000380	IAO:0000115		
WARN	missing_definition	nmrCV:1000381	IAO:0000115		
WARN	missing_definition	nmrCV:1000382	IAO:0000115		
WARN	missing_definition	nmrCV:1000383	IAO:0000115		
WARN	missing_definition	nmrCV:1000384	IAO:0000115		
WARN	missing_definition	nmrCV:1000385	IAO:0000115		
WARN	missing_definition	nmrCV:1000387	IAO:0000115		
WARN	missing_definition	nmrCV:1000388	IAO:0000115		
WARN	missing_definition	nmrCV:1000389	IAO:0000115		
WARN	missing_definition	nmrCV:1000390	IAO:0000115		
WARN	missing_definition	nmrCV:1000391	IAO:0000115		
WARN	missing_definition	nmrCV:1000392	IAO:0000115		
WARN	missing_definition	nmrCV:1000393	IAO:0000115		
WARN	missing_definition	nmrCV:1000394	IAO:0000115		
WARN	missing_definition	nmrCV:1000395	IAO:0000115		
WARN	missing_definition	nmrCV:1000396	IAO:0000115		
WARN	missing_definition	nmrCV:1000397	IAO:0000115		
WARN	missing_definition	nmrCV:1000398	IAO:0000115		
WARN	missing_definition	nmrCV:1000399	IAO:0000115		
WARN	missing_definition	nmrCV:1000400	IAO:0000115		
WARN	missing_definition	nmrCV:1000401	IAO:0000115		
WARN	missing_definition	nmrCV:1000402	IAO:0000115		
WARN	missing_definition	nmrCV:1000403	IAO:0000115		
WARN	missing_definition	nmrCV:1000404	IAO:0000115		
WARN	missing_definition	nmrCV:1000405	IAO:0000115		
WARN	missing_definition	nmrCV:1000406	IAO:0000115		
WARN	missing_definition	nmrCV:1000407	IAO:0000115		
WARN	missing_definition	nmrCV:1000410	IAO:0000115		
WARN	missing_definition	nmrCV:1000412	IAO:0000115		
WARN	missing_definition	nmrCV:1000413	IAO:0000115		
WARN	missing_definition	nmrCV:1000414	IAO:0000115		
WARN	missing_definition	nmrCV:1000415	IAO:0000115		
WARN	missing_definition	nmrCV:1000416	IAO:0000115		
WARN	missing_definition	nmrCV:1000417	IAO:0000115		
WARN	missing_definition	nmrCV:1000418	IAO:0000115		
WARN	missing_definition	nmrCV:1000419	IAO:0000115		
WARN	missing_definition	nmrCV:1000420	IAO:0000115		
WARN	missing_definition	nmrCV:1000421	IAO:0000115		
WARN	missing_definition	nmrCV:1000422	IAO:0000115		
WARN	missing_definition	nmrCV:1000423	IAO:0000115		
WARN	missing_definition	nmrCV:1000424	IAO:0000115		
WARN	missing_definition	nmrCV:1000425	IAO:0000115		
WARN	missing_definition	nmrCV:1000426	IAO:0000115		
WARN	missing_definition	nmrCV:1000427	IAO:0000115		
WARN	missing_definition	nmrCV:1000428	IAO:0000115		
WARN	missing_definition	nmrCV:1000429	IAO:0000115		
WARN	missing_definition	nmrCV:1000430	IAO:0000115		
WARN	missing_definition	nmrCV:1000431	IAO:0000115		
WARN	missing_definition	nmrCV:1000433	IAO:0000115		
WARN	missing_definition	nmrCV:1000434	IAO:0000115		
WARN	missing_definition	nmrCV:1000435	IAO:0000115		
WARN	missing_definition	nmrCV:1000438	IAO:0000115		
WARN	missing_definition	nmrCV:1000439	IAO:0000115		
WARN	missing_definition	nmrCV:1000440	IAO:0000115		
WARN	missing_definition	nmrCV:1001267	IAO:0000115		
WARN	missing_definition	nmrCV:1001268	IAO:0000115		
WARN	missing_definition	nmrCV:1001269	IAO:0000115		
WARN	missing_definition	nmrCV:1001270	IAO:0000115		
WARN	missing_definition	nmrCV:1001271	IAO:0000115		
WARN	missing_definition	nmrCV:1002010	IAO:0000115		
WARN	missing_definition	nmrCV:1002021	IAO:0000115		
WARN	missing_definition	nmrCV:1002032	IAO:0000115		
WARN	missing_definition	nmrCV:1400002	IAO:0000115		
WARN	missing_definition	nmrCV:1400006	IAO:0000115		
WARN	missing_definition	nmrCV:1400010	IAO:0000115		
WARN	missing_definition	nmrCV:1400032	IAO:0000115		
WARN	missing_definition	nmrCV:1400033	IAO:0000115		
WARN	missing_definition	nmrCV:1400051	IAO:0000115		
WARN	missing_definition	nmrCV:1400054	IAO:0000115		
WARN	missing_definition	nmrCV:1400056	IAO:0000115		
WARN	missing_definition	nmrCV:1400057	IAO:0000115		
WARN	missing_definition	nmrCV:1400063	IAO:0000115		
WARN	missing_definition	nmrCV:1400070	IAO:0000115		
WARN	missing_definition	nmrCV:1400071	IAO:0000115		
WARN	missing_definition	nmrCV:1400072	IAO:0000115		
WARN	missing_definition	nmrCV:1400076	IAO:0000115		
WARN	missing_definition	nmrCV:1400080	IAO:0000115		
WARN	missing_definition	nmrCV:1400081	IAO:0000115		
WARN	missing_definition	nmrCV:1400101	IAO:0000115		
WARN	missing_definition	nmrCV:1400110	IAO:0000115		
WARN	missing_definition	nmrCV:1400111	IAO:0000115		
WARN	missing_definition	nmrCV:1400114	IAO:0000115		
WARN	missing_definition	nmrCV:1400116	IAO:0000115		
WARN	missing_definition	nmrCV:1400130	IAO:0000115		
WARN	missing_definition	nmrCV:1400131	IAO:0000115		
WARN	missing_definition	nmrCV:1400137	IAO:0000115		
WARN	missing_definition	nmrCV:1400140	IAO:0000115		
WARN	missing_definition	nmrCV:1400142	IAO:0000115		
WARN	missing_definition	nmrCV:1400143	IAO:0000115		
WARN	missing_definition	nmrCV:1400147	IAO:0000115		
WARN	missing_definition	nmrCV:1400162	IAO:0000115		
WARN	missing_definition	nmrCV:1400165	IAO:0000115		
WARN	missing_definition	nmrCV:1400166	IAO:0000115		
WARN	missing_definition	nmrCV:1400171	IAO:0000115		
WARN	missing_definition	nmrCV:1400172	IAO:0000115		
WARN	missing_definition	nmrCV:1400186	IAO:0000115		
WARN	missing_definition	nmrCV:1400187	IAO:0000115		
WARN	missing_definition	nmrCV:1400188	IAO:0000115		
WARN	missing_definition	nmrCV:1400189	IAO:0000115		
WARN	missing_definition	nmrCV:1400190	IAO:0000115		
WARN	missing_definition	nmrCV:1400193	IAO:0000115		
WARN	missing_definition	nmrCV:1400196	IAO:0000115		
WARN	missing_definition	nmrCV:1400197	IAO:0000115		
WARN	missing_definition	nmrCV:1400198	IAO:0000115		
WARN	missing_definition	nmrCV:1400199	IAO:0000115		
WARN	missing_definition	nmrCV:1400201	IAO:0000115		
WARN	missing_definition	nmrCV:1400204	IAO:0000115		
WARN	missing_definition	nmrCV:1400209	IAO:0000115		
WARN	missing_definition	nmrCV:1400211	IAO:0000115		
WARN	missing_definition	nmrCV:1400213	IAO:0000115		
WARN	missing_definition	nmrCV:1400214	IAO:0000115		
WARN	missing_definition	nmrCV:1400215	IAO:0000115		
WARN	missing_definition	nmrCV:1400217	IAO:0000115		
WARN	missing_definition	nmrCV:1400218	IAO:0000115		
WARN	missing_definition	nmrCV:1400219	IAO:0000115		
WARN	missing_definition	nmrCV:1400220	IAO:0000115		
WARN	missing_definition	nmrCV:1400221	IAO:0000115		
WARN	missing_definition	nmrCV:1400224	IAO:0000115		
WARN	missing_definition	nmrCV:1400225	IAO:0000115		
WARN	missing_definition	nmrCV:1400226	IAO:0000115		
WARN	missing_definition	nmrCV:1400229	IAO:0000115		
WARN	missing_definition	nmrCV:1400230	IAO:0000115		
WARN	missing_definition	nmrCV:1400231	IAO:0000115		
WARN	missing_definition	nmrCV:1400232	IAO:0000115		
WARN	missing_definition	nmrCV:1400233	IAO:0000115		
WARN	missing_definition	nmrCV:1400234	IAO:0000115		
WARN	missing_definition	nmrCV:1400235	IAO:0000115		
WARN	missing_definition	nmrCV:1400236	IAO:0000115		
WARN	missing_definition	nmrCV:1400237	IAO:0000115		
WARN	missing_definition	nmrCV:1400238	IAO:0000115		
WARN	missing_definition	nmrCV:1400239	IAO:0000115		
WARN	missing_definition	nmrCV:1400240	IAO:0000115		
WARN	missing_definition	nmrCV:1400241	IAO:0000115		
WARN	missing_definition	nmrCV:1400242	IAO:0000115		
WARN	missing_definition	nmrCV:1400243	IAO:0000115		
WARN	missing_definition	nmrCV:1400244	IAO:0000115		
WARN	missing_definition	nmrCV:1400246	IAO:0000115		
WARN	missing_definition	nmrCV:1400248	IAO:0000115		
WARN	missing_definition	nmrCV:1400249	IAO:0000115		
WARN	missing_definition	nmrCV:1400250	IAO:0000115		
WARN	missing_definition	nmrCV:1400251	IAO:0000115		
WARN	missing_definition	nmrCV:1400253	IAO:0000115		
WARN	missing_definition	nmrCV:1400256	IAO:0000115		
WARN	missing_definition	nmrCV:1400257	IAO:0000115		
WARN	missing_definition	nmrCV:1400258	IAO:0000115		
WARN	missing_definition	nmrCV:1400259	IAO:0000115		
WARN	missing_definition	nmrCV:1400260	IAO:0000115		
WARN	missing_definition	nmrCV:1400264	IAO:0000115		
WARN	missing_definition	nmrCV:1400265	IAO:0000115		
WARN	missing_definition	nmrCV:1400266	IAO:0000115		
WARN	missing_definition	nmrCV:1400270	IAO:0000115		
WARN	missing_definition	nmrCV:1400276	IAO:0000115		
WARN	missing_definition	nmrCV:1400277	IAO:0000115		
WARN	missing_definition	nmrCV:1400280	IAO:0000115		
WARN	missing_definition	nmrCV:1400281	IAO:0000115		
WARN	missing_definition	nmrCV:1400285	IAO:0000115		
WARN	missing_definition	nmrCV:1400286	IAO:0000115		
WARN	missing_definition	nmrCV:1400287	IAO:0000115		
WARN	missing_definition	nmrCV:1400288	IAO:0000115		
WARN	missing_definition	nmrCV:1400289	IAO:0000115		
WARN	missing_definition	nmrCV:1400290	IAO:0000115		
WARN	missing_definition	nmrCV:1400291	IAO:0000115		
WARN	missing_definition	nmrCV:1400292	IAO:0000115		
WARN	missing_definition	nmrCV:1400295	IAO:0000115		
WARN	missing_definition	nmrCV:1400296	IAO:0000115		
WARN	missing_definition	nmrCV:1400297	IAO:0000115		
WARN	missing_definition	nmrCV:1400298	IAO:0000115		
WARN	missing_definition	nmrCV:1400299	IAO:0000115		
WARN	missing_definition	nmrCV:1400300	IAO:0000115		
WARN	missing_definition	nmrCV:1400301	IAO:0000115		
WARN	missing_definition	nmrCV:1400302	IAO:0000115		
WARN	missing_definition	nmrCV:1400303	IAO:0000115		
WARN	missing_definition	nmrCV:1400304	IAO:0000115		
WARN	missing_definition	nmrCV:1400305	IAO:0000115		
WARN	missing_definition	nmrCV:1400306	IAO:0000115		
WARN	missing_definition	nmrCV:1400307	IAO:0000115		
WARN	missing_definition	nmrCV:1400308	IAO:0000115		
WARN	missing_definition	nmrCV:1400309	IAO:0000115		
WARN	missing_definition	nmrCV:1400310	IAO:0000115		
WARN	missing_definition	nmrCV:1400311	IAO:0000115		
WARN	missing_definition	nmrCV:1400312	IAO:0000115		
WARN	missing_definition	nmrCV:1400313	IAO:0000115		
WARN	missing_definition	nmrCV:1400314	IAO:0000115		
WARN	missing_definition	nmrCV:1400315	IAO:0000115		
WARN	missing_definition	nmrCV:1400316	IAO:0000115		
WARN	missing_definition	nmrCV:1400317	IAO:0000115		
WARN	missing_definition	nmrCV:1400318	IAO:0000115		
WARN	missing_definition	nmrCV:1400319	IAO:0000115		
WARN	missing_definition	nmrCV:1400320	IAO:0000115		
WARN	missing_definition	nmrCV:1400321	IAO:0000115		
WARN	missing_definition	nmrCV:1400322	IAO:0000115		
WARN	missing_definition	oboInOwl:hasDbXref	IAO:0000115		
WARN	missing_definition	oboInOwl:hasExactSynonym	IAO:0000115		
WARN	missing_definition	oboInOwl:hasOBOFormatVersion	IAO:0000115		
WARN	missing_definition	oboInOwl:hasOBONamespace	IAO:0000115		
WARN	invalid_xref	nmrCV:1000899	oboInOwl:hasDbXref	MS_1000899	
WARN	invalid_xref	nmrCV:1000900	oboInOwl:hasDbXref	MS_1000900	
INFO	lowercase_definition	nmrCV:1000183	IAO:0000115	nmrML-Assign is a web server for creating an nmrML file from a FID and a structure. The FID is first automatically processed with Bayesil. The resulting interactive spectrum allows assigning peaks to specific atoms in the structure and the assignments are saved in the nmrML format. For more information about nmrML please visit nmrML.org. nmrML-Assign works with 1H and 13C NMR spectra in Bruker or Agilent/Varian format.@en	
INFO	lowercase_definition	nmrCV:1000188	IAO:0000115	a set of peaks that are highly correlated in a series of samples	
INFO	lowercase_definition	nmrCV:1000224	IAO:0000115	an information object that describes the strength of the NMR signal	
INFO	lowercase_definition	nmrCV:1000348	IAO:0000115	a type of data acquisition parameter (when recording the FID) which can be continuous/uniform or sparse/non-uniform signal acquisition.	
INFO	lowercase_definition	nmrCV:1000350	IAO:0000115	with non-uniform, some samples are skipped, there are different strategies for which to skip, but we can simply record the time point as well as the complex data point in order to represent this type of data.	
INFO	lowercase_definition	nmrCV:1000436	IAO:0000115	vertical alignment of on and offset of the peak of the reference compound.	
INFO	lowercase_definition	nmrCV:1000437	IAO:0000115	the process of removing noisy jitters in a spectral curve to get clearer and more meaningful signals and peaks.	
INFO	lowercase_definition	nmrCV:1000457	IAO:0000115	tempdef: A sample is a role that is played by an object of interest in an investigation used to obtain generalizable information about the sample source.       defprov: Daniel Schober	
INFO	lowercase_definition	nmrCV:1000773	IAO:0000115	file format produced by Bruker software for the free induction decay signal	
INFO	lowercase_definition	nmrCV:1002003	IAO:0000115	file format produced by Varian software for the free induction decay signal	
INFO	lowercase_definition	nmrCV:1002011	IAO:0000115	pH.@en	
INFO	lowercase_definition	nmrCV:1400053	IAO:0000115	a method for quadrature detection.@en	
INFO	lowercase_definition	nmrCV:1400064	IAO:0000115	normalization is a data transformation process which aims at making data seem roughly normally distributied by applying a mathematical function, which is most of time a continuous function.    This is a row operation that is applied to the data from each sample and comprises methods to make the data from all samples directly comparable with each other. A common use is to remove or minimize the effects of variable dilution of the samples.	
INFO	lowercase_definition	nmrCV:1400097	IAO:0000115	line broadening is a process resulting in spectral peak signal becoming hard to interpret and analysed. Line broadening is affected by spin-spin relaxation and/or spin-lattice relaxation processes.    When relaxation is very fast, NMR lines are broad, J-coupling may not be resolved or the signal may even be difficult or impossible to detect.     The maximum repetition rate during acquisition of an NMR signal is governed by T1 - short T1 means the magnetization recovers more rapidly, and a spectrum can be acquired in less time.    Line broadening may be caused by:    Sample inhomogeneity (poor mixing. solid particles), Temperature gradients across sample, Paramagnetic impurities.	
INFO	lowercase_definition	nmrCV:1400098	IAO:0000115	line sharpening is a data transformation process inverse to that of line broadening, which aims to improve the quality of the signal being acquired and being analyzed in order to obtain clear, sharp peaks, in turn making interpretation easier.    Line sharpening can be optimized during data acquisition or performed during data analysis by applied digital processing and filtering.	
INFO	lowercase_definition	nmrCV:1400161	IAO:0000115	an NMR spectrum acquired during 1D spectroscopy and which is obtained by plotting chemical shift vs. frequency.@en	
INFO	lowercase_definition	nmrCV:1400254	IAO:0000115	the organisation or person selling a device, a software or a service@en	
INFO	missing_superclass	BFO:0000001	rdfs:subClassOf		
INFO	missing_superclass	BFO:0000017	rdfs:subClassOf		
